{
  "HnDTEbrCDihwDrh9bBJvwQvMN6rRKLZyeDJM1aC9pumpsolana": 1779163395.0806415,
  "HDaPAGVzD9kBEB4iTrNewuk9wrz58J8fXMs9Q3U31u5Nsolana": 1779163395.0806491,
  "7tAnusL3srXjzEriVL86a23KgwDZKXJTZ2ezEUubonksolana": 1779163395.0806522,
  "0x59F4F336Bf3D0C49dBfbA4A74eBD2a6aCE40539Absc": 1779163395.080654,
  "9Fc7rJ9WVkbaqL1T8wVJGUhGpgQR8oNcv3dyrDX5pumpsolana": 1779163395.0806546,
  "0xF8584516b7d2c156C763C874d6813E06b57e4cB5bsc": 1779164385.7723026,
  "0xFbD40bEabDf81350E116f686e0fB7d24d867Bf38cronos": 1779167023.9261968,
  "0x698DC45e4F10966f6D1D98e3bFd7071d8144C233base": 1779181578.0121183,
  "0xFCa95aeb5bF44aE355806A5ad14659c940dC6BF7base": 1779181578.0121243
}