{
  "0xFCa95aeb5bF44aE355806A5ad14659c940dC6BF7base": 1779248985.640184,
  "c3qwdDG9o1nroeAM6JKzc5jMW8Cwz2AVpoCkCxzpumpsolana": 1779248985.6401904,
  "J1g1Lquz9TtNjXRJeE36geHEaCqKqgf58qT3hvBKpumpsolana": 1779249387.8164732
}