{
  "2epNRbhDPhPV8g9XPL6cw5i22MTP59xtJWCevdP7pumpsolana": 1779102499.0285196,
  "EYQh6xAg8uEUCwNfe6fUNwhRyUAXQd8RfVkAykuSpumpsolana": 1779102499.0285294,
  "6n2bFW7KX9tBaW8qdjVaUsUDqFMQ69v44GCU9Kjfpumpsolana": 1779102499.028533,
  "4HBQm2EhdpUWZkTYxttxNDnsoWi5beRAGWHpjVo8pumpsolana": 1779102499.028534,
  "3joMReCCSESngJEpFLoKR2dNcChjSRCDtybQet5uSpsesolana": 1779102499.0285356,
  "6LiUy31E6Jj3iaaX9QHMxoKmvSeDSLoLo5BWJCKapumpsolana": 1779107642.6440785,
  "Cq3pAAuuwsBedmXLpifBkHNKXi918Gc8i76BhzwPpumpsolana": 1779108887.7414742,
  "21CnrFRqvEVkQZUTFmTXjcsJTLZhRY51ohoaCPwRpumpsolana": 1779108887.7414799,
  "0xAfb89a09D82FBDE58f18Ac6437B3fC81724e4dF6base": 1779110005.9497304,
  "0x22A5576FadDc9bC38F86B64d3584A23e45805671bsc": 1779110401.7898345,
  "tSATdGGSLYBVCrm3pXiib8NmzKcB1iUdjRRseNGssxusolana": 1779110701.9616332,
  "F7SVWKXmDfEXAeZx7vjB12pE4DL6pc2fVqRmW1n7pumpsolana": 1779111002.7669086,
  "FYCm4LXyaxegxbzx8H2JZS3dfacwgRRkSx9LkfEwpumpsolana": 1779112658.8017628
}